{
  "name": "jalan-maju",
  "description": "parameter pose buat jalan maju",
  "pose_group": [
    {
      "nama": "berdiri-kaki_kanan-maju",
      "pose": [
        {
          "nama": "miring-kiri",
          "posisi": [
            0.19, 0.0, 0.194, -0.194, -0.534, -0.534, 0.348, -0.348, -0.348,
            -0.02, -0.01, -0.01, 0.02, 0.779, -0.779, -1.379, 1.378, -0.726,
            0.716, 0.0, 0.0
          ]
        },
        {
          "nama": "kaki_kanan-angkat",
          "posisi": [
            0.19, 0.0, 0.194, -0.194, -0.534, -0.534, 0.5, -0.348, -0.348,
            -0.02, -0.01, -0.01, 0.02, 0.779, -0.779, -1.2, 1.378, -0.726,
            0.716, 0.0, 0.0
          ]
        },
        {
          "nama": "kaki_kanan-maju",
          "posisi": [
            0.19, 0.0, 0.194, -0.194, -0.534, -0.534, 0.6, -0.348, -0.348,
            -0.02, -0.01, -0.01, 0.02, 0.779, -0.779, -1.0, 1.378, -0.726,
            0.716, 0.0, 0.0
          ]
        },
        {
          "nama": "kaki_kanan-jatuh",
          "posisi": [
            0.19, 0.0, 0.194, -0.194, -0.534, -0.534, 0.348, -0.348, -0.348,
            -0.02, -0.01, -0.01, 0.02, 0.779, -0.779, -1.379, 1.378, -0.726,
            0.716, 0.0, 0.0
          ]
        }
      ]
    },
    {
      "nama": "berdiri-kaki_kiri-maju",
      "pose": [
        {
          "nama": "miring-kanan",
          "posisi": [
            0.19, 0.0, 0.194, -0.194, -0.534, -0.534, 0.348, -0.348, -0.348,
            -0.02, -0.01, -0.01, 0.02, 0.779, -0.779, -1.379, 1.378, -0.726,
            0.716, 0.0, 0.0
          ]
        },
        {
          "nama": "kaki_kiri-angkat",
          "posisi": [
            0.19, 0.0, 0.194, -0.194, -0.534, -0.534, 0.348, -0.348, -0.348,
            -0.02, -0.01, -0.01, 0.02, 0.779, -0.779, -1.379, 1.5, -0.726,
            0.716, 0.0, 0.0
          ]
        },
        {
          "nama": "kaki_kiri-maju",
          "posisi": [
            0.19, 0.0, 0.194, -0.194, -0.534, -0.534, 0.348, -0.348, -0.348,
            -0.02, -0.01, -0.01, 0.02, 0.779, -0.779, -1.379, 1.6, -0.726,
            0.716, 0.0, 0.0
          ]
        },
        {
          "nama": "kaki_kiri-jatuh",
          "posisi": [
            0.19, 0.0, 0.194, -0.194, -0.534, -0.534, 0.348, -0.348, -0.348,
            -0.02, -0.01, -0.01, 0.02, 0.779, -0.779, -1.379, 1.378, -0.726,
            0.716, 0.0, 0.0
          ]
        }
      ]
    },
    {
      "nama": "maju-kaki_kiri-maju",
      "pose": [
        {
          "nama": "miring-kanan",
          "posisi": [
            0.19,0,0.194,-0.194,-0.534,-0.534,0.348,-0.348,-0.348,
            -0.02,-0.01,-0.01,0.02,0.779,-0.779,-1.379,1.378,-0.726,
            0.716,0,0
          ]
        },
        {
          "nama": "kaki_kiri-angkat",
          "posisi": [
            0.19,0,0.194,-0.194,-0.534,-0.534,0.348,-0.348,-0.348,
            -0.02,-0.01,-0.01,0.02,0.779,-0.779,-1.379,1.5,-0.726,
            0.716,0,0
          ]
        },
        {
          "nama": "kaki_kiri-maju",
          "posisi": [
            0.19,0,0.194,-0.194,-0.534,-0.534,0.348,-0.348,-0.348,
            -0.02,-0.01,-0.01,0.02,0.779,-0.779,-1.379,1.6,-0.726,
            0.716,0,0
          ]
        },
        {
          "nama": "kaki_kiri-jatuh",
          "posisi": [
            0.19,0,0.194,-0.194,-0.534,-0.534,0.348,-0.348,-0.348,
            -0.02,-0.01,-0.01,0.02,0.779,-0.779,-1.379,1.378,-0.726,
            0.716,0,0
          ]
        }
      ]
    },
    {
      "nama": "maju-kaki_kanan-maju",
      "pose": [
        {
          "nama": "miring-kiri",
          "posisi": [
            0.19,0,0.194,-0.194,-0.534,-0.534,0.348,-0.348,-0.348,
            -0.02,-0.01,-0.01,0.02,0.779,-0.779,-1.379,1.378,-0.726,
            0.716,0,0
          ]
        },
        {
          "nama": "kaki_kanan-angkat",
          "posisi": [
            0.19,0,0.194,-0.194,-0.534,-0.534,0.5,-0.348,-0.348,
            -0.02,-0.01,-0.01,0.02,0.779,-0.779,-1.2,1.378,-0.726,
            0.716,0,0
          ]
        },
        {
          "nama": "kaki_kanan-maju",
          "posisi": [
            0.19,0,0.194,-0.194,-0.534,-0.534,0.6,-0.348,-0.348,
            -0.02,-0.01,-0.01,0.02,0.779,-0.779,-1.0,1.378,-0.726,
            0.716,0,0
          ]
        },
        {
          "nama": "kaki_kanan-jatuh",
          "posisi": [
            0.19,0,0.194,-0.194,-0.534,-0.534,0.348,-0.348,-0.348,
            -0.02,-0.01,-0.01,0.02,0.779,-0.779,-1.379,1.378,-0.726,
            0.716,0,0
          ]
        }
      ]
    },
    {
      "nama": "maju-kaki_kanan-berdiri",
      "pose": [
        {
          "nama": "miring-kiri",
          "posisi": [
            0.19,0,0.194,-0.194,-0.534,-0.534,0.348,-0.348,-0.348,
            -0.02,-0.01,-0.01,0.02,0.779,-0.779,-1.379,1.378,-0.726,
            0.716,0,0
          ]
        },
        {
          "nama": "kaki_kanan-angkat",
          "posisi": [
            0.19,0,0.194,-0.194,-0.534,-0.534,0.5,-0.348,-0.348,
            -0.02,-0.01,-0.01,0.02,0.779,-0.779,-1.2,1.378,-0.726,
            0.716,0,0
          ]
        },
        {
          "nama": "kaki_kanan-maju",
          "posisi": [
            0.19,0,0.194,-0.194,-0.534,-0.534,0.6,-0.348,-0.348,
            -0.02,-0.01,-0.01,0.02,0.779,-0.779,-1.0,1.378,-0.726,
            0.716,0,0
          ]
        },
        {
          "nama": "kaki_kanan-jatuh",
          "posisi": [
            0.19,0,0.194,-0.194,-0.534,-0.534,0.348,-0.348,-0.348,
            -0.02,-0.01,-0.01,0.02,0.779,-0.779,-1.379,1.378,-0.726,
            0.716,0,0
          ]
        }
      ]
    },
    {
      "nama": "maju-kaki_kiri-berdiri",
      "pose": [
        {
          "nama": "miring-kanan",
          "posisi": [
            0.19,0,0.194,-0.194,-0.534,-0.534,0.348,-0.348,-0.348,
            -0.02,-0.01,-0.01,0.02,0.779,-0.779,-1.379,1.378,-0.726,
            0.716,0,0
          ]
        },
        {
          "nama": "kaki_kiri-angkat",
          "posisi": [
            0.19,0,0.194,-0.194,-0.534,-0.534,0.348,-0.348,-0.348,
            -0.02,-0.01,-0.01,0.02,0.779,-0.779,-1.379,1.5,-0.726,
            0.716,0,0
          ]
        },
        {
          "nama": "kaki_kiri-maju",
          "posisi": [
            0.19,0,0.194,-0.194,-0.534,-0.534,0.348,-0.348,-0.348,
            -0.02,-0.01,-0.01,0.02,0.779,-0.779,-1.379,1.6,-0.726,
            0.716,0,0
          ]
        },
        {
          "nama": "kaki_kiri-jatuh",
          "posisi": [
            0.19,0,0.194,-0.194,-0.534,-0.534,0.348,-0.348,-0.348,
            -0.02,-0.01,-0.01,0.02,0.779,-0.779,-1.379,1.378,-0.726,
            0.716,0,0]
        }
      ]
    }
  ]
}
